idna_subject,checker_type,destination,tested_at
allosexe-.myblox.fr,AVAILABILITY,domains.list,2023-07-09 02:40:34.561811
xy.nullrefexcep.com,AVAILABILITY,domains.list,2023-07-09 02:40:35.020400
www.xn--publicsluts-qf3f.net,AVAILABILITY,domains.list,2023-07-09 02:40:35.461479
alyssa-.ifrance.com,AVAILABILITY,domains.list,2023-07-09 02:40:35.883193
xn--freecelebritytube-tz2jja.com,AVAILABILITY,domains.list,2023-07-09 02:40:36.282275
xn--publicsluts-qf3f.net,AVAILABILITY,domains.list,2023-07-09 02:40:36.694580
247?realmedia.com,AVAILABILITY,domains.list,2023-07-09 02:40:37.159390
telemetry.appex.bing.net:443,AVAILABILITY,domains.list,2023-07-09 02:40:37.598431
mailto:info@mypornbible.com,AVAILABILITY,domains.list,2023-07-09 02:40:38.039597
film-porno-.ze.cx,AVAILABILITY,domains.list,2023-07-09 02:40:38.465798
247,AVAILABILITY,domains.list,2023-07-09 02:40:38.950597
443,AVAILABILITY,domains.list,2023-07-09 02:40:39.434428
host.d-ns.ga,AVAILABILITY,domains.list,2023-07-09 02:40:41.016683
"adblade.com,popup",AVAILABILITY,domains.list,2023-07-09 02:40:41.463419
adtrackone.eu$document,AVAILABILITY,domains.list,2023-07-09 02:40:41.914558
info@mypornbible.com,AVAILABILITY,domains.list,2023-07-09 02:40:42.385937
javakiba.org*,AVAILABILITY,domains.list,2023-07-09 02:40:42.805297
"moherland.pl,",AVAILABILITY,domains.list,2023-07-09 02:40:43.229368
hans.pr0gramm.com,AVAILABILITY,domains.list,2023-07-09 02:40:43.677602
mangas-porno-.has.it,AVAILABILITY,domains.list,2023-07-09 02:40:44.091677
hurensohn.pr0gramm.com,AVAILABILITY,domains.list,2023-07-09 02:40:44.574006
websitealive[0-9].com,AVAILABILITY,domains.list,2023-07-09 02:40:45.023763
m.pr0gramm.com,AVAILABILITY,domains.list,2023-07-09 02:40:45.503632
web.die-news.pw,AVAILABILITY,domains.list,2023-07-09 02:40:45.898822
st.kjli.fi,AVAILABILITY,domains.list,2023-07-09 02:40:46.361254
www.xbasfbno.info,AVAILABILITY,domains.list,2023-07-09 02:40:49.590352
www.xn--freecelebritytube-tz2jja.com,AVAILABILITY,domains.list,2023-07-09 02:40:50.162248
crywebber.github.io,AVAILABILITY,domains.list,2023-07-09 02:40:50.731488
static.hk.rs,AVAILABILITY,domains.list,2023-07-10 02:33:10.726680
